{"objects":[{"name":"Player","material":{"diffuse":[1,0,0],"ambient":[0.10000000149011612,0.10000000149011612,0.10000000149011612],"specular":[0.10000000149011612,0.10000000149011612,0.10000000149011612],"n":12,"alpha":1,"shaderType":0,"diffuseTexture":{"texture":{},"name":"craneIconTealInverse.png"},"normalTexture":{"texture":{},"name":"defaultNormal.jpg"}},"type":"cube","position":[-10,0,0],"scale":[1,1,1],"rotation":[1,0,0,0,0,1,0,0,0,0,1,0,0,0,0,1],"parent":null,"model":null},{"name":"Satellite","material":{"diffuse":[1,1,1],"ambient":[0.10000000149011612,0.10000000149011612,0.10000000149011612],"specular":[0.10000000149011612,0.10000000149011612,0.10000000149011612],"n":12,"alpha":1,"shaderType":2,"diffuseTexture":{"texture":{},"name":"10477_Satellite_v1_Diffuse.jpg"},"normalTexture":{"texture":{},"name":"10477_Satellite_v1_Diffuse.jpg"}},"type":"mesh","position":[-15,85.5,-667.7999877929688],"scale":[0.004999999888241291,0.004999999888241291,0.004999999888241291],"rotation":[3.422854177870249e-8,0,1,0,0,1,0,0,-1,0,3.422854177870249e-8,0,0,0,0,1],"parent":null,"model":null,"fileName":"10477_Satellite_v1_L3.obj"}],"pointLights":[{"name":"test-light-0","colour":[0.5,0.5,0.5],"position":[0,4,0],"strength":5,"quadratic":0.032,"linear":0.09,"constant":1,"nearPlane":0.1,"farPlane":1000,"shadow":false}],"skyBoxOn":true,"skyBoxPath":"./assets/outer-space-background.jpg","sceneSettings":{"backgroundColor":[0,0.16470588743686676,1]},"camera":{"name":"Camera","position":[-10, 0, 8],"front":[0.8427790999412537,-0.07443724572658539,-0.5330876708030701],"up":[0,1,0],"yaw":90,"pitch":0,"roll":0,"viewMatrix":{"0":0.5345770120620728,"1":0.06290864199399948,"2":-0.8427889943122864,"3":0,"4":-1.1205452921103642e-7,"5":0.9972257018089294,"6":0.07443811744451523,"7":0,"8":0.8451336026191711,"9":-0.03979368135333061,"10":0.5330939292907715,"11":0,"12":3.2072131633758545,"13":-1.6968008279800415,"14":-28.844459533691406,"15":1},"moveSpeed":5,"sensitivity":0.009}}